name,price,quantity,category,image
LED Bulb 53W,147.00,108,Lighting,dsc_3031-600x400.jpg
Electric Drill 38W,147.25,340,Tools,dsc_2638-600x400.jpg
LED Bulb 20W,42.72,392,Lighting,arka-600x400.jpg
Electric Drill 82W,56.82,118,Tools,rrrr.jpg
Ceramic Vase Abstract,69.88,347,Decor,dsc_3898900x600.jpg
Garden Chair Wooden,13.80,21,Furniture,dsc_2783-600x400.jpg
Electric Drill 90W,107.16,474,Tools,dsc_2638-600x400.jpg
Garden Chair Wooden,26.76,196,Furniture,dsc_2638-600x400.jpg
Electric Drill 36W,60.91,197,Tools,dsc_3898900x600.jpg
Electric Drill 15W,8.35,344,Tools,dsc_2638-600x400.jpg
LED Bulb 71W,56.45,457,Lighting,fura.jpg
Ceramic Vase Classic,30.21,360,Decor,dsc_2638-600x400.jpg
Ceramic Vase Abstract,30.59,176,Decor,dsc_2783-600x400.jpg
Garden Chair Metal,106.84,238,Furniture,fura.jpg
Bluetooth Speaker X100,147.24,88,Electronics,dsc_3898900x600.jpg
Garden Chair Wooden,145.08,300,Furniture,dsc_2638-600x400.jpg
Garden Chair Metal,67.37,139,Furniture,fura.jpg
Electric Drill 5W,25.51,409,Tools,dsc_2783-600x400.jpg
LED Bulb 12W,95.39,103,Lighting,huhuhuh.jpg
Garden Chair Metal,40.38,229,Furniture,ba-2-600x400.jpg
Bluetooth Speaker X100,129.66,112,Electronics,fura.jpg
LED Bulb 60W,18.51,497,Lighting,dsc_2783-600x400.jpg
LED Bulb 90W,118.33,108,Lighting,fura.jpg
Ceramic Vase Abstract,12.08,473,Decor,dsc_2638-600x400.jpg
Garden Chair Plastic,113.59,352,Furniture,rrrr.jpg
Garden Chair Wooden,100.04,50,Furniture,dsc_3031-600x400.jpg
Electric Drill 75W,38.83,89,Tools,fura.jpg
Bluetooth Speaker A500,130.11,83,Electronics,arka-600x400.jpg
Bluetooth Speaker X100,107.61,98,Electronics,rrrr.jpg
Garden Chair Plastic,47.26,237,Furniture,fura.jpg
LED Bulb 40W,51.20,96,Lighting,modul.jpg
LED Bulb 86W,10.50,323,Lighting,dsc_3898900x600.jpg
Bluetooth Speaker X100,148.58,293,Electronics,huhuhuh.jpg
Ceramic Vase Abstract,87.63,85,Decor,rrrr.jpg
Bluetooth Speaker A500,145.46,247,Electronics,dsc_2992-600x400.jpg
Bluetooth Speaker ProMax,122.33,37,Electronics,dsc_2731-600x400.jpg
Electric Drill 32W,118.15,459,Tools,dsc_2992-600x400.jpg
Electric Drill 92W,52.88,442,Tools,dsc_2783-600x400.jpg
Bluetooth Speaker X100,16.68,493,Electronics,huhuhuh.jpg
Garden Chair Plastic,43.82,253,Furniture,dsc_2638-600x400.jpg
Bluetooth Speaker X100,49.62,472,Electronics,dsc_2992-600x400.jpg
Bluetooth Speaker X100,7.22,161,Electronics,dsc_2783-600x400.jpg
Garden Chair Metal,28.43,247,Furniture,dsc_3031-600x400.jpg
Ceramic Vase Modern,35.74,153,Decor,modul.jpg
Ceramic Vase Classic,15.33,389,Decor,dsc_2638-600x400.jpg
Garden Chair Metal,108.10,14,Furniture,modul.jpg
LED Bulb 48W,45.23,73,Lighting,fura.jpg
Electric Drill 82W,113.53,157,Tools,dsc_3031-600x400.jpg
Garden Chair Wooden,92.05,311,Furniture,dsc_3898900x600.jpg
Electric Drill 86W,68.62,258,Tools,rrrr.jpg
LED Bulb 10W,29.74,379,Lighting,modul.jpg
Electric Drill 28W,33.73,73,Tools,rrrr.jpg
Ceramic Vase Modern,65.67,236,Decor,dsc_2638-600x400.jpg
Electric Drill 42W,51.65,70,Tools,dsc_3031-600x400.jpg
Electric Drill 94W,111.87,378,Tools,modul.jpg
Electric Drill 84W,91.32,291,Tools,dsc_2992-600x400.jpg
Ceramic Vase Classic,119.30,174,Decor,arka-600x400.jpg
Electric Drill 6W,122.23,208,Tools,dsc_2783-600x400.jpg
Bluetooth Speaker X100,50.94,241,Electronics,rrrr.jpg
Bluetooth Speaker ProMax,143.02,190,Electronics,gggg-g-570c07ed5f.jpg
Electric Drill 28W,122.82,100,Tools,dsc_3031-600x400.jpg
Bluetooth Speaker X100,20.00,423,Electronics,dsc_2783-600x400.jpg
LED Bulb 62W,144.62,260,Lighting,arka-600x400.jpg
Garden Chair Wooden,47.90,316,Furniture,huhuhuh.jpg
Ceramic Vase Classic,85.84,259,Decor,dsc_3031-600x400.jpg
Electric Drill 65W,65.27,43,Tools,dsc_2731-600x400.jpg
LED Bulb 69W,20.55,380,Lighting,dsc_2731-600x400.jpg
Electric Drill 10W,44.52,97,Tools,dsc_2783-600x400.jpg
Garden Chair Metal,101.64,219,Furniture,dsc_2992-600x400.jpg
Garden Chair Metal,30.13,194,Furniture,gggg-g-570c07ed5f.jpg
Bluetooth Speaker X100,13.42,467,Electronics,dsc_2638-600x400.jpg
LED Bulb 14W,115.70,238,Lighting,dsc_2638-600x400.jpg
Garden Chair Wooden,39.98,200,Furniture,dsc_2783-600x400.jpg
Electric Drill 21W,102.31,74,Tools,ba-2-600x400.jpg
Ceramic Vase Modern,123.90,338,Decor,rrrr.jpg
Garden Chair Plastic,91.38,195,Furniture,modul.jpg
Garden Chair Metal,17.91,473,Furniture,arka-600x400.jpg
Garden Chair Plastic,122.15,163,Furniture,fura.jpg
Electric Drill 85W,84.81,236,Tools,dsc_3898900x600.jpg
Electric Drill 35W,107.85,197,Tools,fura.jpg
Garden Chair Plastic,133.62,427,Furniture,rrrr.jpg
Electric Drill 69W,98.52,127,Tools,dsc_2731-600x400.jpg
Bluetooth Speaker A500,64.55,252,Electronics,gggg-g-570c07ed5f.jpg
Electric Drill 54W,49.87,15,Tools,dsc_2731-600x400.jpg
Ceramic Vase Classic,47.87,404,Decor,rrrr.jpg
Bluetooth Speaker ProMax,11.61,468,Electronics,huhuhuh.jpg
Electric Drill 88W,94.32,499,Tools,dsc_2638-600x400.jpg
Garden Chair Metal,13.39,444,Furniture,dsc_2731-600x400.jpg
Garden Chair Metal,32.98,454,Furniture,gggg-g-570c07ed5f.jpg
Electric Drill 84W,117.02,133,Tools,dsc_3898900x600.jpg
Garden Chair Plastic,141.11,352,Furniture,gggg-g-570c07ed5f.jpg
Ceramic Vase Modern,128.04,395,Decor,modul.jpg
Garden Chair Wooden,75.41,59,Furniture,dsc_3898900x600.jpg
Garden Chair Wooden,98.55,250,Furniture,ba-2-600x400.jpg
LED Bulb 92W,133.30,65,Lighting,dsc_2783-600x400.jpg
LED Bulb 8W,42.96,101,Lighting,huhuhuh.jpg
Electric Drill 70W,79.89,447,Tools,dsc_2731-600x400.jpg
Electric Drill 39W,10.75,425,Tools,huhuhuh.jpg
Garden Chair Wooden,70.70,152,Furniture,rrrr.jpg
Bluetooth Speaker ProMax,56.60,82,Electronics,dsc_2992-600x400.jpg
Electric Drill 60W,61.41,32,Tools,gggg-g-570c07ed5f.jpg
Garden Chair Metal,129.13,118,Furniture,dsc_2783-600x400.jpg
Ceramic Vase Classic,26.37,68,Decor,rrrr.jpg
Bluetooth Speaker X100,54.19,347,Electronics,fura.jpg
Ceramic Vase Classic,59.37,154,Decor,rrrr.jpg
Bluetooth Speaker ProMax,85.33,281,Electronics,dsc_2638-600x400.jpg
Ceramic Vase Modern,97.75,68,Decor,arka-600x400.jpg
Ceramic Vase Modern,23.88,159,Decor,modul.jpg
Electric Drill 50W,47.91,390,Tools,modul.jpg
Bluetooth Speaker A500,23.21,148,Electronics,dsc_3031-600x400.jpg
Ceramic Vase Abstract,10.15,412,Decor,dsc_3898900x600.jpg
LED Bulb 88W,86.87,499,Lighting,rrrr.jpg
Garden Chair Metal,12.12,339,Furniture,gggg-g-570c07ed5f.jpg
Ceramic Vase Modern,113.80,397,Decor,dsc_3898900x600.jpg
Electric Drill 95W,37.19,286,Tools,dsc_2992-600x400.jpg
LED Bulb 79W,90.10,438,Lighting,dsc_2731-600x400.jpg
Ceramic Vase Modern,128.00,32,Decor,dsc_3031-600x400.jpg
Garden Chair Metal,109.23,232,Furniture,dsc_2783-600x400.jpg
Ceramic Vase Abstract,119.35,449,Decor,huhuhuh.jpg
Electric Drill 84W,70.13,431,Tools,arka-600x400.jpg
Electric Drill 84W,33.78,166,Tools,ba-2-600x400.jpg
Bluetooth Speaker ProMax,119.65,465,Electronics,dsc_2783-600x400.jpg
Bluetooth Speaker A500,72.55,52,Electronics,dsc_2731-600x400.jpg
LED Bulb 42W,121.11,416,Lighting,modul.jpg
Ceramic Vase Modern,46.93,15,Decor,dsc_2783-600x400.jpg
Garden Chair Metal,77.35,294,Furniture,rrrr.jpg
Bluetooth Speaker ProMax,95.82,69,Electronics,gggg-g-570c07ed5f.jpg
Garden Chair Wooden,8.77,107,Furniture,modul.jpg
Ceramic Vase Classic,62.75,391,Decor,dsc_3031-600x400.jpg
LED Bulb 67W,45.09,421,Lighting,arka-600x400.jpg
LED Bulb 49W,50.15,90,Lighting,modul.jpg
Garden Chair Plastic,11.46,352,Furniture,dsc_2783-600x400.jpg
Ceramic Vase Classic,130.52,276,Decor,huhuhuh.jpg
LED Bulb 33W,66.84,407,Lighting,gggg-g-570c07ed5f.jpg
Ceramic Vase Classic,43.66,349,Decor,fura.jpg
Bluetooth Speaker A500,114.66,132,Electronics,dsc_3898900x600.jpg
Bluetooth Speaker A500,135.97,477,Electronics,huhuhuh.jpg
Electric Drill 11W,108.15,51,Tools,ba-2-600x400.jpg
Electric Drill 18W,82.75,226,Tools,huhuhuh.jpg
Garden Chair Plastic,71.51,125,Furniture,rrrr.jpg
Garden Chair Metal,68.68,413,Furniture,dsc_2638-600x400.jpg
Electric Drill 8W,36.44,423,Tools,dsc_2731-600x400.jpg
Electric Drill 35W,84.71,227,Tools,dsc_2731-600x400.jpg
Garden Chair Wooden,46.32,361,Furniture,dsc_3898900x600.jpg
Ceramic Vase Abstract,67.02,189,Decor,dsc_2731-600x400.jpg
LED Bulb 74W,145.88,432,Lighting,dsc_2638-600x400.jpg
LED Bulb 25W,127.03,322,Lighting,dsc_2731-600x400.jpg
Ceramic Vase Modern,14.12,311,Decor,huhuhuh.jpg
Ceramic Vase Classic,43.09,328,Decor,dsc_2783-600x400.jpg
Garden Chair Plastic,13.89,438,Furniture,huhuhuh.jpg
Ceramic Vase Abstract,26.00,143,Decor,dsc_2638-600x400.jpg
Garden Chair Plastic,75.28,496,Furniture,dsc_2783-600x400.jpg
Ceramic Vase Abstract,130.83,126,Decor,ba-2-600x400.jpg
Electric Drill 22W,47.65,303,Tools,gggg-g-570c07ed5f.jpg
Garden Chair Wooden,114.86,127,Furniture,dsc_3031-600x400.jpg
LED Bulb 60W,9.20,190,Lighting,dsc_2992-600x400.jpg
Bluetooth Speaker X100,46.97,370,Electronics,fura.jpg
Ceramic Vase Modern,107.87,463,Decor,dsc_2992-600x400.jpg
LED Bulb 33W,83.18,296,Lighting,fura.jpg
Ceramic Vase Abstract,62.95,246,Decor,dsc_3898900x600.jpg
Ceramic Vase Modern,94.94,366,Decor,dsc_3031-600x400.jpg
Garden Chair Plastic,63.79,306,Furniture,dsc_3031-600x400.jpg
Garden Chair Metal,67.53,53,Furniture,dsc_2731-600x400.jpg
Bluetooth Speaker ProMax,85.91,178,Electronics,fura.jpg
LED Bulb 61W,26.38,193,Lighting,dsc_3898900x600.jpg
Bluetooth Speaker A500,107.94,356,Electronics,rrrr.jpg
LED Bulb 27W,76.94,272,Lighting,dsc_2731-600x400.jpg
Ceramic Vase Abstract,62.44,193,Decor,dsc_2731-600x400.jpg
Electric Drill 13W,85.56,323,Tools,fura.jpg
LED Bulb 53W,102.90,274,Lighting,ba-2-600x400.jpg
Garden Chair Wooden,97.34,155,Furniture,dsc_2992-600x400.jpg
Ceramic Vase Modern,32.24,59,Decor,rrrr.jpg
Garden Chair Wooden,76.45,366,Furniture,huhuhuh.jpg
Electric Drill 44W,16.32,356,Tools,fura.jpg
Electric Drill 65W,33.54,297,Tools,dsc_2638-600x400.jpg
Electric Drill 90W,85.90,486,Tools,modul.jpg
Bluetooth Speaker A500,100.00,348,Electronics,gggg-g-570c07ed5f.jpg
Garden Chair Metal,132.04,166,Furniture,fura.jpg
Ceramic Vase Modern,89.89,410,Decor,dsc_2638-600x400.jpg
LED Bulb 65W,66.48,406,Lighting,dsc_2731-600x400.jpg
LED Bulb 63W,99.91,203,Lighting,dsc_3898900x600.jpg
Garden Chair Plastic,16.62,77,Furniture,dsc_2992-600x400.jpg
LED Bulb 61W,95.28,382,Lighting,dsc_3031-600x400.jpg
Electric Drill 97W,113.57,338,Tools,dsc_2783-600x400.jpg
Bluetooth Speaker ProMax,87.96,162,Electronics,arka-600x400.jpg
Garden Chair Plastic,20.89,496,Furniture,rrrr.jpg
Garden Chair Metal,58.95,193,Furniture,dsc_2992-600x400.jpg
Bluetooth Speaker ProMax,80.72,373,Electronics,gggg-g-570c07ed5f.jpg
Electric Drill 85W,130.30,212,Tools,dsc_2992-600x400.jpg
Garden Chair Plastic,45.89,482,Furniture,ba-2-600x400.jpg
LED Bulb 63W,142.74,226,Lighting,dsc_3898900x600.jpg
Bluetooth Speaker X100,18.51,168,Electronics,arka-600x400.jpg
Ceramic Vase Abstract,140.33,437,Decor,ba-2-600x400.jpg
Electric Drill 63W,128.81,295,Tools,ba-2-600x400.jpg
LED Bulb 20W,24.71,271,Lighting,dsc_3031-600x400.jpg
Garden Chair Metal,124.15,384,Furniture,arka-600x400.jpg
LED Bulb 55W,121.20,384,Lighting,arka-600x400.jpg
Garden Chair Metal,29.79,37,Furniture,fura.jpg
Garden Chair Metal,94.37,464,Furniture,gggg-g-570c07ed5f.jpg
Garden Chair Plastic,10.17,156,Furniture,dsc_3031-600x400.jpg
Ceramic Vase Modern,84.90,195,Decor,dsc_2992-600x400.jpg
Ceramic Vase Modern,130.71,356,Decor,ba-2-600x400.jpg
Ceramic Vase Classic,99.26,12,Decor,gggg-g-570c07ed5f.jpg
Ceramic Vase Classic,26.91,144,Decor,huhuhuh.jpg
Electric Drill 69W,43.64,99,Tools,rrrr.jpg
Bluetooth Speaker X100,143.94,91,Electronics,dsc_2992-600x400.jpg
Bluetooth Speaker A500,80.31,126,Electronics,dsc_3031-600x400.jpg
LED Bulb 71W,31.18,409,Lighting,fura.jpg
Ceramic Vase Abstract,81.98,96,Decor,dsc_2638-600x400.jpg
Ceramic Vase Abstract,89.90,235,Decor,fura.jpg
Electric Drill 90W,124.98,45,Tools,modul.jpg
Bluetooth Speaker ProMax,106.73,276,Electronics,modul.jpg
Ceramic Vase Abstract,97.42,258,Decor,ba-2-600x400.jpg
LED Bulb 95W,75.11,262,Lighting,dsc_3031-600x400.jpg
Electric Drill 66W,43.59,475,Tools,huhuhuh.jpg
Ceramic Vase Abstract,28.99,377,Decor,fura.jpg
LED Bulb 24W,29.78,67,Lighting,dsc_2638-600x400.jpg
Electric Drill 36W,129.44,477,Tools,ba-2-600x400.jpg
Garden Chair Metal,33.13,400,Furniture,fura.jpg
Bluetooth Speaker A500,35.93,433,Electronics,dsc_2992-600x400.jpg
Bluetooth Speaker X100,95.45,474,Electronics,dsc_2638-600x400.jpg
LED Bulb 39W,72.69,387,Lighting,dsc_2783-600x400.jpg
Bluetooth Speaker ProMax,21.84,32,Electronics,ba-2-600x400.jpg
Electric Drill 91W,48.48,146,Tools,huhuhuh.jpg
LED Bulb 13W,60.54,247,Lighting,dsc_2638-600x400.jpg
Ceramic Vase Classic,37.08,187,Decor,dsc_3898900x600.jpg
Garden Chair Wooden,17.10,109,Furniture,rrrr.jpg
Garden Chair Metal,63.43,271,Furniture,dsc_3898900x600.jpg
Garden Chair Wooden,70.38,117,Furniture,dsc_2992-600x400.jpg
Garden Chair Plastic,41.20,475,Furniture,fura.jpg
Electric Drill 82W,44.29,379,Tools,huhuhuh.jpg
Bluetooth Speaker A500,34.02,443,Electronics,gggg-g-570c07ed5f.jpg
Electric Drill 59W,13.21,432,Tools,arka-600x400.jpg
Electric Drill 53W,89.73,113,Tools,ba-2-600x400.jpg
Ceramic Vase Modern,8.61,211,Decor,huhuhuh.jpg
Bluetooth Speaker A500,131.18,171,Electronics,arka-600x400.jpg
LED Bulb 6W,92.59,112,Lighting,dsc_2638-600x400.jpg
Garden Chair Plastic,102.52,102,Furniture,dsc_3898900x600.jpg
LED Bulb 73W,131.81,492,Lighting,dsc_2638-600x400.jpg
Garden Chair Plastic,105.31,83,Furniture,huhuhuh.jpg
Bluetooth Speaker A500,48.27,426,Electronics,gggg-g-570c07ed5f.jpg
Bluetooth Speaker X100,110.88,442,Electronics,dsc_2638-600x400.jpg
LED Bulb 73W,34.45,107,Lighting,dsc_2638-600x400.jpg
Bluetooth Speaker X100,138.38,499,Electronics,fura.jpg
LED Bulb 11W,82.16,90,Lighting,dsc_2783-600x400.jpg
LED Bulb 86W,28.34,94,Lighting,ba-2-600x400.jpg
Ceramic Vase Classic,133.95,144,Decor,dsc_3898900x600.jpg
LED Bulb 67W,108.74,18,Lighting,dsc_2731-600x400.jpg
Ceramic Vase Modern,100.59,492,Decor,fura.jpg
Garden Chair Plastic,74.18,337,Furniture,gggg-g-570c07ed5f.jpg
Bluetooth Speaker A500,94.94,411,Electronics,dsc_2992-600x400.jpg
Ceramic Vase Modern,104.83,394,Decor,gggg-g-570c07ed5f.jpg
Bluetooth Speaker X100,92.32,419,Electronics,dsc_2731-600x400.jpg
LED Bulb 93W,10.89,199,Lighting,fura.jpg
Garden Chair Plastic,140.16,495,Furniture,dsc_3898900x600.jpg
Garden Chair Plastic,69.68,10,Furniture,huhuhuh.jpg
Garden Chair Wooden,44.62,397,Furniture,gggg-g-570c07ed5f.jpg
Ceramic Vase Abstract,127.54,327,Decor,modul.jpg
Garden Chair Metal,99.60,24,Furniture,dsc_2638-600x400.jpg
Bluetooth Speaker A500,53.38,228,Electronics,dsc_3898900x600.jpg
Garden Chair Metal,73.60,13,Furniture,huhuhuh.jpg
Bluetooth Speaker X100,15.00,89,Electronics,dsc_2992-600x400.jpg
Ceramic Vase Classic,70.87,53,Decor,modul.jpg
Electric Drill 45W,46.52,479,Tools,gggg-g-570c07ed5f.jpg
LED Bulb 34W,112.47,338,Lighting,fura.jpg
Ceramic Vase Abstract,145.82,417,Decor,dsc_2731-600x400.jpg
Garden Chair Wooden,53.34,19,Furniture,dsc_2638-600x400.jpg
LED Bulb 71W,99.28,114,Lighting,dsc_2731-600x400.jpg
Garden Chair Wooden,109.41,377,Furniture,huhuhuh.jpg
Bluetooth Speaker X100,15.49,378,Electronics,gggg-g-570c07ed5f.jpg
Bluetooth Speaker ProMax,129.42,300,Electronics,rrrr.jpg
Garden Chair Plastic,108.28,378,Furniture,arka-600x400.jpg
Electric Drill 57W,58.42,402,Tools,dsc_3898900x600.jpg
Electric Drill 19W,89.66,230,Tools,dsc_3898900x600.jpg
Bluetooth Speaker X100,83.09,375,Electronics,dsc_3898900x600.jpg
Bluetooth Speaker X100,92.67,422,Electronics,huhuhuh.jpg
Garden Chair Wooden,121.88,357,Furniture,gggg-g-570c07ed5f.jpg
Ceramic Vase Modern,23.42,110,Decor,modul.jpg
LED Bulb 43W,104.25,497,Lighting,modul.jpg
Electric Drill 35W,18.58,193,Tools,dsc_2731-600x400.jpg
Bluetooth Speaker A500,44.01,244,Electronics,dsc_2731-600x400.jpg
Garden Chair Metal,135.25,66,Furniture,dsc_2731-600x400.jpg
Bluetooth Speaker A500,92.03,90,Electronics,dsc_2992-600x400.jpg
Electric Drill 56W,77.13,220,Tools,fura.jpg
Ceramic Vase Abstract,124.43,137,Decor,huhuhuh.jpg
Ceramic Vase Modern,25.46,282,Decor,dsc_3898900x600.jpg
LED Bulb 55W,72.60,251,Lighting,dsc_2783-600x400.jpg
Bluetooth Speaker ProMax,109.52,283,Electronics,rrrr.jpg
Bluetooth Speaker A500,128.11,282,Electronics,dsc_2783-600x400.jpg
Electric Drill 61W,6.66,460,Tools,rrrr.jpg
Garden Chair Plastic,19.31,463,Furniture,dsc_2992-600x400.jpg
Garden Chair Plastic,8.88,461,Furniture,huhuhuh.jpg
Ceramic Vase Modern,86.80,23,Decor,ba-2-600x400.jpg
LED Bulb 44W,20.02,377,Lighting,ba-2-600x400.jpg
LED Bulb 63W,139.15,372,Lighting,dsc_3898900x600.jpg
Ceramic Vase Classic,129.63,247,Decor,dsc_2731-600x400.jpg
Bluetooth Speaker X100,43.97,119,Electronics,dsc_2992-600x400.jpg
Garden Chair Metal,67.34,233,Furniture,dsc_3898900x600.jpg
Bluetooth Speaker X100,110.41,267,Electronics,ba-2-600x400.jpg
Ceramic Vase Classic,126.86,424,Decor,dsc_3031-600x400.jpg
Bluetooth Speaker ProMax,24.68,426,Electronics,arka-600x400.jpg
Ceramic Vase Classic,110.61,312,Decor,rrrr.jpg
Electric Drill 64W,39.94,423,Tools,dsc_2638-600x400.jpg
Bluetooth Speaker X100,107.76,43,Electronics,dsc_2992-600x400.jpg
LED Bulb 76W,53.17,432,Lighting,dsc_2992-600x400.jpg
Garden Chair Wooden,110.53,427,Furniture,dsc_2731-600x400.jpg
Bluetooth Speaker A500,51.17,438,Electronics,ba-2-600x400.jpg
LED Bulb 75W,101.61,401,Lighting,dsc_2992-600x400.jpg
Electric Drill 88W,20.41,153,Tools,dsc_2783-600x400.jpg
Garden Chair Plastic,137.30,106,Furniture,gggg-g-570c07ed5f.jpg
Bluetooth Speaker ProMax,85.22,310,Electronics,dsc_3031-600x400.jpg
Ceramic Vase Abstract,139.05,254,Decor,ba-2-600x400.jpg
LED Bulb 15W,87.67,87,Lighting,fura.jpg
Garden Chair Wooden,63.15,53,Furniture,ba-2-600x400.jpg
Ceramic Vase Classic,33.00,146,Decor,dsc_2638-600x400.jpg
Electric Drill 78W,56.16,243,Tools,dsc_2638-600x400.jpg
LED Bulb 54W,56.62,37,Lighting,fura.jpg
Electric Drill 94W,119.93,45,Tools,fura.jpg
LED Bulb 86W,78.31,203,Lighting,ba-2-600x400.jpg
Garden Chair Metal,60.37,63,Furniture,ba-2-600x400.jpg
Electric Drill 65W,40.40,158,Tools,rrrr.jpg
Electric Drill 31W,69.82,494,Tools,huhuhuh.jpg
Electric Drill 95W,143.71,327,Tools,dsc_3898900x600.jpg
Electric Drill 59W,95.63,292,Tools,huhuhuh.jpg
Electric Drill 98W,57.44,253,Tools,rrrr.jpg
Ceramic Vase Abstract,81.04,370,Decor,dsc_3031-600x400.jpg
Electric Drill 47W,143.76,124,Tools,dsc_3898900x600.jpg
LED Bulb 78W,94.49,463,Lighting,dsc_3898900x600.jpg
Electric Drill 90W,7.34,31,Tools,dsc_2992-600x400.jpg
Electric Drill 23W,26.54,408,Tools,ba-2-600x400.jpg
Garden Chair Plastic,14.09,69,Furniture,dsc_2783-600x400.jpg
Garden Chair Plastic,48.46,317,Furniture,huhuhuh.jpg
Electric Drill 95W,79.29,411,Tools,gggg-g-570c07ed5f.jpg
Electric Drill 38W,16.54,379,Tools,gggg-g-570c07ed5f.jpg
Electric Drill 83W,80.17,448,Tools,ba-2-600x400.jpg
Electric Drill 19W,119.50,66,Tools,huhuhuh.jpg
Garden Chair Metal,92.05,74,Furniture,arka-600x400.jpg
Electric Drill 81W,101.17,332,Tools,dsc_2992-600x400.jpg
LED Bulb 79W,68.18,101,Lighting,dsc_3898900x600.jpg
LED Bulb 73W,91.72,276,Lighting,fura.jpg
Ceramic Vase Classic,89.34,381,Decor,modul.jpg
Bluetooth Speaker ProMax,81.02,380,Electronics,modul.jpg
Bluetooth Speaker ProMax,27.41,495,Electronics,arka-600x400.jpg
Ceramic Vase Abstract,146.44,205,Decor,dsc_3898900x600.jpg
Bluetooth Speaker A500,121.03,145,Electronics,arka-600x400.jpg
Garden Chair Plastic,45.92,278,Furniture,dsc_3031-600x400.jpg
LED Bulb 67W,56.93,29,Lighting,dsc_2638-600x400.jpg
LED Bulb 21W,119.03,201,Lighting,dsc_2731-600x400.jpg
LED Bulb 58W,72.69,487,Lighting,modul.jpg
Electric Drill 18W,48.58,291,Tools,fura.jpg
Electric Drill 18W,18.21,483,Tools,gggg-g-570c07ed5f.jpg
Ceramic Vase Classic,26.54,458,Decor,modul.jpg
Electric Drill 97W,144.22,426,Tools,ba-2-600x400.jpg
Electric Drill 14W,64.49,437,Tools,fura.jpg
Ceramic Vase Modern,85.34,498,Decor,ba-2-600x400.jpg
Ceramic Vase Classic,116.20,55,Decor,dsc_3031-600x400.jpg
Electric Drill 38W,30.11,179,Tools,arka-600x400.jpg
Ceramic Vase Modern,112.25,332,Decor,dsc_2638-600x400.jpg
Electric Drill 15W,111.49,51,Tools,dsc_2731-600x400.jpg
LED Bulb 32W,99.63,221,Lighting,fura.jpg
Electric Drill 74W,91.79,334,Tools,fura.jpg
Electric Drill 9W,64.57,138,Tools,dsc_2731-600x400.jpg
Bluetooth Speaker A500,119.18,62,Electronics,dsc_3031-600x400.jpg
Bluetooth Speaker X100,65.84,159,Electronics,fura.jpg
Electric Drill 64W,100.57,156,Tools,fura.jpg
LED Bulb 89W,24.72,63,Lighting,dsc_2992-600x400.jpg
LED Bulb 69W,29.16,311,Lighting,dsc_2731-600x400.jpg
Electric Drill 72W,49.20,123,Tools,huhuhuh.jpg
Electric Drill 61W,31.50,11,Tools,ba-2-600x400.jpg
Electric Drill 91W,25.81,39,Tools,fura.jpg
LED Bulb 96W,86.26,70,Lighting,huhuhuh.jpg
Ceramic Vase Modern,102.25,338,Decor,dsc_2731-600x400.jpg
LED Bulb 61W,5.01,179,Lighting,arka-600x400.jpg
Garden Chair Wooden,119.60,140,Furniture,fura.jpg
LED Bulb 78W,63.05,418,Lighting,huhuhuh.jpg
LED Bulb 83W,117.37,426,Lighting,dsc_3031-600x400.jpg
Garden Chair Wooden,131.82,134,Furniture,dsc_3898900x600.jpg
Bluetooth Speaker ProMax,76.19,424,Electronics,gggg-g-570c07ed5f.jpg
Garden Chair Metal,74.37,245,Furniture,fura.jpg
Ceramic Vase Modern,134.03,474,Decor,modul.jpg
Garden Chair Metal,85.21,375,Furniture,gggg-g-570c07ed5f.jpg
Ceramic Vase Modern,114.28,118,Decor,modul.jpg
Garden Chair Metal,84.42,415,Furniture,rrrr.jpg
Ceramic Vase Classic,120.34,320,Decor,ba-2-600x400.jpg
Ceramic Vase Modern,128.02,316,Decor,fura.jpg
Ceramic Vase Classic,146.77,384,Decor,fura.jpg
Ceramic Vase Classic,144.94,66,Decor,huhuhuh.jpg
Ceramic Vase Modern,111.40,487,Decor,fura.jpg
Electric Drill 31W,20.17,322,Tools,dsc_3898900x600.jpg
Garden Chair Wooden,96.02,24,Furniture,gggg-g-570c07ed5f.jpg
Electric Drill 10W,131.46,184,Tools,rrrr.jpg
Ceramic Vase Abstract,35.72,448,Decor,dsc_2992-600x400.jpg
Bluetooth Speaker X100,134.31,127,Electronics,arka-600x400.jpg
Ceramic Vase Classic,66.69,63,Decor,dsc_3898900x600.jpg
Ceramic Vase Classic,103.50,384,Decor,rrrr.jpg
Bluetooth Speaker A500,146.95,305,Electronics,dsc_2731-600x400.jpg
Bluetooth Speaker ProMax,82.71,416,Electronics,dsc_3031-600x400.jpg
Garden Chair Metal,147.18,412,Furniture,modul.jpg
LED Bulb 97W,20.97,35,Lighting,gggg-g-570c07ed5f.jpg
Ceramic Vase Abstract,119.44,488,Decor,dsc_2731-600x400.jpg
Electric Drill 94W,133.85,135,Tools,ba-2-600x400.jpg
LED Bulb 87W,124.45,270,Lighting,dsc_2731-600x400.jpg
Electric Drill 34W,121.23,396,Tools,dsc_2783-600x400.jpg
Ceramic Vase Modern,99.93,192,Decor,dsc_2992-600x400.jpg
Ceramic Vase Modern,50.73,387,Decor,dsc_2731-600x400.jpg
Ceramic Vase Abstract,127.23,360,Decor,fura.jpg
Garden Chair Wooden,47.91,427,Furniture,dsc_2638-600x400.jpg
Bluetooth Speaker X100,14.69,143,Electronics,dsc_3031-600x400.jpg
Bluetooth Speaker A500,128.07,258,Electronics,gggg-g-570c07ed5f.jpg
Bluetooth Speaker X100,120.48,246,Electronics,dsc_2992-600x400.jpg
Electric Drill 19W,62.02,27,Tools,dsc_3898900x600.jpg
Electric Drill 65W,45.96,111,Tools,dsc_2638-600x400.jpg
Garden Chair Plastic,53.89,352,Furniture,fura.jpg
LED Bulb 98W,50.05,321,Lighting,rrrr.jpg
Electric Drill 41W,131.40,146,Tools,dsc_3898900x600.jpg
LED Bulb 47W,101.63,307,Lighting,fura.jpg
Bluetooth Speaker A500,93.26,239,Electronics,modul.jpg
Ceramic Vase Classic,60.36,419,Decor,ba-2-600x400.jpg
Bluetooth Speaker X100,20.99,305,Electronics,dsc_2783-600x400.jpg
Bluetooth Speaker A500,41.08,177,Electronics,gggg-g-570c07ed5f.jpg
Garden Chair Wooden,79.47,236,Furniture,arka-600x400.jpg
Bluetooth Speaker ProMax,17.01,78,Electronics,arka-600x400.jpg
Electric Drill 95W,145.04,124,Tools,huhuhuh.jpg
LED Bulb 63W,12.35,414,Lighting,fura.jpg
Ceramic Vase Abstract,32.83,332,Decor,dsc_2783-600x400.jpg
Garden Chair Plastic,21.89,439,Furniture,huhuhuh.jpg
Bluetooth Speaker X100,5.78,307,Electronics,dsc_3031-600x400.jpg
LED Bulb 40W,11.82,157,Lighting,dsc_2992-600x400.jpg
Ceramic Vase Modern,73.53,260,Decor,dsc_3898900x600.jpg
Electric Drill 18W,110.53,69,Tools,modul.jpg
Bluetooth Speaker X100,100.97,378,Electronics,dsc_3898900x600.jpg
Garden Chair Metal,35.00,136,Furniture,dsc_2638-600x400.jpg
Bluetooth Speaker ProMax,140.32,264,Electronics,fura.jpg
LED Bulb 78W,14.72,455,Lighting,fura.jpg
Electric Drill 42W,147.53,164,Tools,gggg-g-570c07ed5f.jpg
Bluetooth Speaker A500,29.80,121,Electronics,arka-600x400.jpg
Bluetooth Speaker ProMax,110.09,263,Electronics,modul.jpg
Garden Chair Metal,53.88,246,Furniture,ba-2-600x400.jpg
Garden Chair Wooden,85.63,111,Furniture,dsc_2783-600x400.jpg
Bluetooth Speaker A500,120.55,450,Electronics,dsc_2783-600x400.jpg
Bluetooth Speaker A500,59.58,193,Electronics,dsc_2992-600x400.jpg
LED Bulb 99W,50.76,24,Lighting,dsc_3898900x600.jpg
Electric Drill 62W,93.38,410,Tools,modul.jpg
Bluetooth Speaker ProMax,48.71,219,Electronics,arka-600x400.jpg
Ceramic Vase Classic,77.88,146,Decor,arka-600x400.jpg
Electric Drill 81W,17.76,313,Tools,gggg-g-570c07ed5f.jpg
Bluetooth Speaker X100,51.07,409,Electronics,huhuhuh.jpg
Bluetooth Speaker A500,52.40,75,Electronics,modul.jpg
Electric Drill 26W,142.26,287,Tools,fura.jpg
LED Bulb 65W,21.20,192,Lighting,rrrr.jpg
Ceramic Vase Abstract,89.36,103,Decor,dsc_2992-600x400.jpg
Bluetooth Speaker ProMax,90.38,78,Electronics,dsc_3031-600x400.jpg
Bluetooth Speaker X100,17.21,268,Electronics,arka-600x400.jpg
Ceramic Vase Classic,62.69,172,Decor,dsc_2731-600x400.jpg
Electric Drill 54W,32.67,156,Tools,rrrr.jpg
Garden Chair Wooden,122.54,30,Furniture,rrrr.jpg
LED Bulb 10W,136.53,464,Lighting,rrrr.jpg
Electric Drill 13W,31.67,404,Tools,dsc_2638-600x400.jpg
Garden Chair Wooden,74.33,15,Furniture,dsc_2638-600x400.jpg
LED Bulb 20W,25.79,102,Lighting,modul.jpg
Bluetooth Speaker A500,37.93,218,Electronics,gggg-g-570c07ed5f.jpg
Ceramic Vase Modern,51.98,28,Decor,dsc_2783-600x400.jpg
LED Bulb 97W,86.34,294,Lighting,modul.jpg
Ceramic Vase Modern,53.93,108,Decor,dsc_3898900x600.jpg
Electric Drill 28W,31.09,183,Tools,fura.jpg
Garden Chair Metal,85.41,289,Furniture,dsc_2731-600x400.jpg
LED Bulb 83W,83.99,118,Lighting,rrrr.jpg
Ceramic Vase Classic,75.36,500,Decor,dsc_2731-600x400.jpg
Ceramic Vase Modern,109.89,424,Decor,dsc_2992-600x400.jpg
Electric Drill 71W,42.17,323,Tools,huhuhuh.jpg
Bluetooth Speaker A500,120.28,400,Electronics,rrrr.jpg
Ceramic Vase Modern,45.41,25,Decor,huhuhuh.jpg
Garden Chair Plastic,13.44,473,Furniture,arka-600x400.jpg
Electric Drill 6W,102.85,59,Tools,dsc_2731-600x400.jpg
Electric Drill 82W,92.88,75,Tools,gggg-g-570c07ed5f.jpg
Electric Drill 68W,98.12,200,Tools,ba-2-600x400.jpg
Garden Chair Metal,74.34,141,Furniture,dsc_2992-600x400.jpg
Electric Drill 90W,50.72,367,Tools,arka-600x400.jpg
Garden Chair Plastic,71.17,430,Furniture,fura.jpg
Electric Drill 5W,22.19,189,Tools,huhuhuh.jpg
Bluetooth Speaker ProMax,117.64,480,Electronics,arka-600x400.jpg
LED Bulb 41W,52.52,239,Lighting,dsc_2992-600x400.jpg
Ceramic Vase Abstract,115.33,373,Decor,fura.jpg
Bluetooth Speaker X100,57.68,356,Electronics,modul.jpg
Bluetooth Speaker ProMax,31.65,364,Electronics,dsc_3898900x600.jpg
Garden Chair Wooden,128.04,312,Furniture,fura.jpg
Garden Chair Plastic,34.11,250,Furniture,dsc_2638-600x400.jpg
Ceramic Vase Modern,128.52,34,Decor,modul.jpg
Ceramic Vase Classic,38.52,491,Decor,dsc_2992-600x400.jpg
Ceramic Vase Modern,13.23,475,Decor,dsc_3031-600x400.jpg
Electric Drill 64W,81.88,446,Tools,modul.jpg
Bluetooth Speaker X100,131.68,163,Electronics,huhuhuh.jpg
Ceramic Vase Abstract,42.66,442,Decor,arka-600x400.jpg
Electric Drill 77W,77.03,90,Tools,dsc_3031-600x400.jpg
LED Bulb 43W,30.98,151,Lighting,ba-2-600x400.jpg
LED Bulb 5W,143.15,43,Lighting,dsc_2731-600x400.jpg
Garden Chair Wooden,123.62,451,Furniture,dsc_3898900x600.jpg
Electric Drill 87W,65.92,201,Tools,gggg-g-570c07ed5f.jpg
Bluetooth Speaker A500,85.04,382,Electronics,dsc_2783-600x400.jpg
Ceramic Vase Abstract,80.69,204,Decor,dsc_2638-600x400.jpg
Bluetooth Speaker X100,129.71,206,Electronics,rrrr.jpg
Ceramic Vase Modern,17.58,175,Decor,arka-600x400.jpg
Bluetooth Speaker A500,105.95,451,Electronics,dsc_2731-600x400.jpg
Electric Drill 74W,116.63,105,Tools,huhuhuh.jpg
Ceramic Vase Abstract,89.03,371,Decor,dsc_2783-600x400.jpg
Ceramic Vase Classic,114.28,401,Decor,fura.jpg
Bluetooth Speaker ProMax,145.12,78,Electronics,dsc_2783-600x400.jpg
LED Bulb 49W,114.74,161,Lighting,dsc_2638-600x400.jpg
Ceramic Vase Modern,25.38,423,Decor,dsc_2731-600x400.jpg
Bluetooth Speaker ProMax,71.21,476,Electronics,dsc_2638-600x400.jpg
Electric Drill 16W,103.04,416,Tools,ba-2-600x400.jpg
Electric Drill 12W,132.37,242,Tools,dsc_3031-600x400.jpg
Bluetooth Speaker ProMax,27.83,475,Electronics,gggg-g-570c07ed5f.jpg
Ceramic Vase Classic,126.64,159,Decor,dsc_3898900x600.jpg
Ceramic Vase Classic,46.54,24,Decor,dsc_3031-600x400.jpg
Ceramic Vase Abstract,126.96,73,Decor,dsc_2731-600x400.jpg
Bluetooth Speaker X100,66.51,298,Electronics,dsc_3031-600x400.jpg
Ceramic Vase Classic,55.84,194,Decor,rrrr.jpg
Garden Chair Plastic,55.86,168,Furniture,arka-600x400.jpg
Bluetooth Speaker A500,48.04,13,Electronics,fura.jpg
Bluetooth Speaker ProMax,72.05,370,Electronics,gggg-g-570c07ed5f.jpg
Electric Drill 85W,59.47,107,Tools,dsc_3898900x600.jpg
LED Bulb 60W,138.64,45,Lighting,dsc_2638-600x400.jpg
Electric Drill 80W,83.02,135,Tools,arka-600x400.jpg
Bluetooth Speaker A500,40.95,311,Electronics,dsc_3898900x600.jpg
Electric Drill 49W,75.28,122,Tools,dsc_2731-600x400.jpg
Bluetooth Speaker X100,11.89,416,Electronics,ba-2-600x400.jpg
LED Bulb 89W,45.42,14,Lighting,fura.jpg
Electric Drill 41W,106.83,342,Tools,rrrr.jpg
Bluetooth Speaker A500,93.80,355,Electronics,modul.jpg
Garden Chair Wooden,123.16,181,Furniture,dsc_2731-600x400.jpg
Electric Drill 79W,148.05,388,Tools,dsc_2783-600x400.jpg
Ceramic Vase Modern,85.31,453,Decor,modul.jpg
Ceramic Vase Abstract,78.87,36,Decor,rrrr.jpg
Garden Chair Metal,65.32,215,Furniture,huhuhuh.jpg
Ceramic Vase Modern,10.54,299,Decor,dsc_2638-600x400.jpg
Electric Drill 60W,63.98,161,Tools,modul.jpg
Garden Chair Wooden,56.72,108,Furniture,arka-600x400.jpg
Electric Drill 5W,146.53,260,Tools,dsc_2992-600x400.jpg
Ceramic Vase Modern,56.30,174,Decor,arka-600x400.jpg
Electric Drill 64W,22.51,269,Tools,huhuhuh.jpg
Ceramic Vase Abstract,126.26,112,Decor,dsc_2731-600x400.jpg
Garden Chair Wooden,31.95,141,Furniture,fura.jpg
LED Bulb 44W,80.15,486,Lighting,dsc_2992-600x400.jpg
Electric Drill 14W,30.72,320,Tools,arka-600x400.jpg
LED Bulb 96W,25.12,81,Lighting,dsc_2638-600x400.jpg
Ceramic Vase Classic,82.72,131,Decor,dsc_2783-600x400.jpg
Bluetooth Speaker X100,81.24,95,Electronics,dsc_2783-600x400.jpg
Bluetooth Speaker ProMax,134.81,196,Electronics,rrrr.jpg
Bluetooth Speaker X100,119.68,98,Electronics,dsc_3031-600x400.jpg
Garden Chair Wooden,58.96,83,Furniture,modul.jpg
Electric Drill 62W,123.81,62,Tools,ba-2-600x400.jpg
Garden Chair Metal,115.27,371,Furniture,modul.jpg
LED Bulb 64W,130.81,101,Lighting,arka-600x400.jpg
Ceramic Vase Abstract,18.79,370,Decor,dsc_2731-600x400.jpg
Bluetooth Speaker X100,81.45,328,Electronics,dsc_3898900x600.jpg
LED Bulb 19W,21.37,96,Lighting,ba-2-600x400.jpg
Garden Chair Wooden,147.76,185,Furniture,dsc_2731-600x400.jpg
LED Bulb 18W,35.51,293,Lighting,arka-600x400.jpg
LED Bulb 17W,126.08,128,Lighting,dsc_2731-600x400.jpg
Bluetooth Speaker A500,32.71,160,Electronics,gggg-g-570c07ed5f.jpg
LED Bulb 6W,76.84,452,Lighting,gggg-g-570c07ed5f.jpg
Electric Drill 37W,135.27,200,Tools,gggg-g-570c07ed5f.jpg
Bluetooth Speaker ProMax,74.76,317,Electronics,dsc_2783-600x400.jpg
Electric Drill 21W,75.24,69,Tools,dsc_3898900x600.jpg
Garden Chair Plastic,38.12,439,Furniture,rrrr.jpg
Electric Drill 66W,88.82,354,Tools,ba-2-600x400.jpg
Ceramic Vase Abstract,79.84,267,Decor,dsc_2638-600x400.jpg
LED Bulb 86W,42.87,440,Lighting,dsc_2783-600x400.jpg
Ceramic Vase Classic,65.44,139,Decor,arka-600x400.jpg
Bluetooth Speaker A500,109.31,476,Electronics,dsc_2783-600x400.jpg
Ceramic Vase Classic,7.46,318,Decor,fura.jpg
Electric Drill 9W,26.54,380,Tools,dsc_3031-600x400.jpg
Garden Chair Metal,109.80,352,Furniture,arka-600x400.jpg
Electric Drill 35W,115.41,76,Tools,dsc_2731-600x400.jpg
Garden Chair Metal,75.15,407,Furniture,fura.jpg
Electric Drill 99W,44.64,231,Tools,gggg-g-570c07ed5f.jpg
Garden Chair Metal,103.55,182,Furniture,fura.jpg
LED Bulb 98W,39.65,419,Lighting,dsc_2783-600x400.jpg
Garden Chair Wooden,37.13,468,Furniture,arka-600x400.jpg
Electric Drill 71W,28.40,304,Tools,dsc_3031-600x400.jpg
Ceramic Vase Classic,126.20,121,Decor,fura.jpg
Electric Drill 44W,120.89,333,Tools,huhuhuh.jpg
LED Bulb 13W,63.25,43,Lighting,dsc_2731-600x400.jpg
Garden Chair Metal,54.75,104,Furniture,dsc_2638-600x400.jpg
Electric Drill 99W,148.65,112,Tools,dsc_3898900x600.jpg
Electric Drill 75W,112.03,470,Tools,dsc_2992-600x400.jpg
Electric Drill 94W,93.54,143,Tools,gggg-g-570c07ed5f.jpg
Electric Drill 25W,29.85,500,Tools,gggg-g-570c07ed5f.jpg
Bluetooth Speaker X100,119.95,245,Electronics,ba-2-600x400.jpg
Ceramic Vase Abstract,42.61,58,Decor,dsc_2992-600x400.jpg
Electric Drill 39W,84.54,43,Tools,dsc_2783-600x400.jpg
Bluetooth Speaker A500,130.24,149,Electronics,dsc_3031-600x400.jpg
Bluetooth Speaker ProMax,10.18,194,Electronics,dsc_2992-600x400.jpg
Bluetooth Speaker A500,33.82,278,Electronics,dsc_2783-600x400.jpg
LED Bulb 33W,102.29,341,Lighting,dsc_2731-600x400.jpg
Bluetooth Speaker X100,142.36,95,Electronics,dsc_2992-600x400.jpg
Garden Chair Metal,103.75,73,Furniture,gggg-g-570c07ed5f.jpg
Ceramic Vase Classic,136.33,391,Decor,rrrr.jpg
Ceramic Vase Abstract,17.37,184,Decor,gggg-g-570c07ed5f.jpg
Garden Chair Wooden,57.82,459,Furniture,modul.jpg
Bluetooth Speaker A500,123.88,234,Electronics,dsc_2638-600x400.jpg
Ceramic Vase Classic,33.47,248,Decor,huhuhuh.jpg
Ceramic Vase Abstract,42.82,476,Decor,ba-2-600x400.jpg
LED Bulb 91W,62.39,106,Lighting,dsc_3898900x600.jpg
Electric Drill 27W,112.20,432,Tools,huhuhuh.jpg
Electric Drill 86W,76.49,354,Tools,dsc_2731-600x400.jpg
Electric Drill 76W,14.72,392,Tools,rrrr.jpg
LED Bulb 22W,73.17,39,Lighting,huhuhuh.jpg
Garden Chair Metal,15.13,386,Furniture,huhuhuh.jpg
LED Bulb 77W,129.33,496,Lighting,dsc_2783-600x400.jpg
Bluetooth Speaker X100,94.69,442,Electronics,dsc_3031-600x400.jpg
Bluetooth Speaker ProMax,58.92,459,Electronics,gggg-g-570c07ed5f.jpg
LED Bulb 79W,140.69,443,Lighting,huhuhuh.jpg
LED Bulb 70W,125.37,458,Lighting,rrrr.jpg
Bluetooth Speaker A500,32.84,279,Electronics,gggg-g-570c07ed5f.jpg
LED Bulb 95W,54.68,83,Lighting,dsc_3898900x600.jpg
Ceramic Vase Abstract,123.81,338,Decor,dsc_3898900x600.jpg
Ceramic Vase Modern,90.56,353,Decor,dsc_2992-600x400.jpg
Ceramic Vase Modern,49.85,241,Decor,arka-600x400.jpg
Ceramic Vase Modern,129.25,481,Decor,arka-600x400.jpg
Electric Drill 23W,28.05,470,Tools,arka-600x400.jpg
Garden Chair Plastic,17.47,403,Furniture,dsc_3898900x600.jpg
LED Bulb 31W,48.35,253,Lighting,dsc_2783-600x400.jpg
Ceramic Vase Classic,20.50,370,Decor,dsc_2731-600x400.jpg
Ceramic Vase Abstract,132.97,175,Decor,gggg-g-570c07ed5f.jpg
Bluetooth Speaker A500,9.43,179,Electronics,dsc_2783-600x400.jpg
LED Bulb 56W,38.24,215,Lighting,ba-2-600x400.jpg
Ceramic Vase Classic,57.71,193,Decor,dsc_2783-600x400.jpg
Garden Chair Metal,132.37,35,Furniture,dsc_3898900x600.jpg
LED Bulb 70W,100.53,59,Lighting,huhuhuh.jpg
Garden Chair Metal,137.66,430,Furniture,dsc_2992-600x400.jpg
Electric Drill 77W,123.06,193,Tools,dsc_2638-600x400.jpg
LED Bulb 14W,28.25,375,Lighting,dsc_2992-600x400.jpg
Electric Drill 97W,18.45,359,Tools,dsc_3898900x600.jpg
Bluetooth Speaker ProMax,140.65,116,Electronics,dsc_2992-600x400.jpg